Technological,Economic,Social,Institutional
Significant,Significant,Significant,Significant
Significant,Significant,Significant,Significant
Significant,Significant,Significant,Significant
Significant,Significant,Significant,Significant
Significant,Significant,Significant,Significant
Significant,Significant,Significant,Significant
Significant,Significant,Significant,Significant
Significant,Significant,Significant,Significant
Significant,Significant,Significant,Significant
Significant,Significant,Significant,Significant
Significant,Significant,Significant,Significant
Significant,Significant,Significant,Significant
Significant,Significant,Significant,Significant
Significant,Significant,Significant,Significant
Significant,Significant,Significant,Significant
Significant,Significant,Significant,Significant
Significant,Significant,Significant,Significant
Significant,Significant,Significant,Significant
Significant,Significant,Significant,Significant
Significant,Significant,Significant,Significant
Significant,Significant,Significant,Significant
Significant,Significant,Significant,Significant
Significant,Significant,Significant,Significant
Significant,Significant,Significant,Significant
Significant,Significant,Significant,Significant
Significant,Significant,Significant,Significant
Significant,Significant,Significant,Significant
Significant,Significant,Significant,Significant
Significant,Significant,Significant,Significant
Significant,Significant,Significant,Significant
